filepath,class,label
C:\Users\PARAGI\Downloads\frooit\Fruit\Fruits10\sample_dataset\apple_Bad\apple_Bad_8.jpg,apple_Bad,0
C:\Users\PARAGI\Downloads\frooit\Fruit\Fruits10\sample_dataset\apple_Bad\apple_Bad_7.jpg,apple_Bad,0
C:\Users\PARAGI\Downloads\frooit\Fruit\Fruits10\sample_dataset\apple_Bad\apple_Bad_0.jpg,apple_Bad,0
C:\Users\PARAGI\Downloads\frooit\Fruit\Fruits10\sample_dataset\apple_Bad\apple_Bad_6.jpg,apple_Bad,0
C:\Users\PARAGI\Downloads\frooit\Fruit\Fruits10\sample_dataset\apple_Bad\apple_Bad_3.jpg,apple_Bad,0
C:\Users\PARAGI\Downloads\frooit\Fruit\Fruits10\sample_dataset\apple_Bad\apple_Bad_10.jpg,apple_Bad,0
C:\Users\PARAGI\Downloads\frooit\Fruit\Fruits10\sample_dataset\apple_Bad\apple_Bad_1.jpg,apple_Bad,0
C:\Users\PARAGI\Downloads\frooit\Fruit\Fruits10\sample_dataset\apple_Bad\apple_Bad_9.jpg,apple_Bad,0
C:\Users\PARAGI\Downloads\frooit\Fruit\Fruits10\sample_dataset\apple_Good\apple_Good_8.jpg,apple_Good,1
C:\Users\PARAGI\Downloads\frooit\Fruit\Fruits10\sample_dataset\apple_Good\apple_Good_7.jpg,apple_Good,1
C:\Users\PARAGI\Downloads\frooit\Fruit\Fruits10\sample_dataset\apple_Good\apple_Good_0.jpg,apple_Good,1
C:\Users\PARAGI\Downloads\frooit\Fruit\Fruits10\sample_dataset\apple_Good\apple_Good_6.jpg,apple_Good,1
C:\Users\PARAGI\Downloads\frooit\Fruit\Fruits10\sample_dataset\apple_Good\apple_Good_3.jpg,apple_Good,1
C:\Users\PARAGI\Downloads\frooit\Fruit\Fruits10\sample_dataset\apple_Good\apple_Good_10.jpg,apple_Good,1
C:\Users\PARAGI\Downloads\frooit\Fruit\Fruits10\sample_dataset\apple_Good\apple_Good_1.jpg,apple_Good,1
C:\Users\PARAGI\Downloads\frooit\Fruit\Fruits10\sample_dataset\apple_Good\apple_Good_9.jpg,apple_Good,1
C:\Users\PARAGI\Downloads\frooit\Fruit\Fruits10\sample_dataset\apple_Mixed\apple_Mixed_8.jpg,apple_Mixed,2
C:\Users\PARAGI\Downloads\frooit\Fruit\Fruits10\sample_dataset\apple_Mixed\apple_Mixed_7.jpg,apple_Mixed,2
C:\Users\PARAGI\Downloads\frooit\Fruit\Fruits10\sample_dataset\apple_Mixed\apple_Mixed_0.jpg,apple_Mixed,2
C:\Users\PARAGI\Downloads\frooit\Fruit\Fruits10\sample_dataset\apple_Mixed\apple_Mixed_6.jpg,apple_Mixed,2
C:\Users\PARAGI\Downloads\frooit\Fruit\Fruits10\sample_dataset\apple_Mixed\apple_Mixed_3.jpg,apple_Mixed,2
C:\Users\PARAGI\Downloads\frooit\Fruit\Fruits10\sample_dataset\apple_Mixed\apple_Mixed_10.jpg,apple_Mixed,2
C:\Users\PARAGI\Downloads\frooit\Fruit\Fruits10\sample_dataset\apple_Mixed\apple_Mixed_1.jpg,apple_Mixed,2
C:\Users\PARAGI\Downloads\frooit\Fruit\Fruits10\sample_dataset\apple_Mixed\apple_Mixed_9.jpg,apple_Mixed,2
C:\Users\PARAGI\Downloads\frooit\Fruit\Fruits10\sample_dataset\banana_Bad\banana_Bad_8.jpg,banana_Bad,3
C:\Users\PARAGI\Downloads\frooit\Fruit\Fruits10\sample_dataset\banana_Bad\banana_Bad_7.jpg,banana_Bad,3
C:\Users\PARAGI\Downloads\frooit\Fruit\Fruits10\sample_dataset\banana_Bad\banana_Bad_0.jpg,banana_Bad,3
C:\Users\PARAGI\Downloads\frooit\Fruit\Fruits10\sample_dataset\banana_Bad\banana_Bad_6.jpg,banana_Bad,3
C:\Users\PARAGI\Downloads\frooit\Fruit\Fruits10\sample_dataset\banana_Bad\banana_Bad_3.jpg,banana_Bad,3
C:\Users\PARAGI\Downloads\frooit\Fruit\Fruits10\sample_dataset\banana_Bad\banana_Bad_10.jpg,banana_Bad,3
C:\Users\PARAGI\Downloads\frooit\Fruit\Fruits10\sample_dataset\banana_Bad\banana_Bad_1.jpg,banana_Bad,3
C:\Users\PARAGI\Downloads\frooit\Fruit\Fruits10\sample_dataset\banana_Bad\banana_Bad_9.jpg,banana_Bad,3
C:\Users\PARAGI\Downloads\frooit\Fruit\Fruits10\sample_dataset\banana_Good\banana_Good_8.jpg,banana_Good,4
C:\Users\PARAGI\Downloads\frooit\Fruit\Fruits10\sample_dataset\banana_Good\banana_Good_7.jpg,banana_Good,4
C:\Users\PARAGI\Downloads\frooit\Fruit\Fruits10\sample_dataset\banana_Good\banana_Good_0.jpg,banana_Good,4
C:\Users\PARAGI\Downloads\frooit\Fruit\Fruits10\sample_dataset\banana_Good\banana_Good_6.jpg,banana_Good,4
C:\Users\PARAGI\Downloads\frooit\Fruit\Fruits10\sample_dataset\banana_Good\banana_Good_3.jpg,banana_Good,4
C:\Users\PARAGI\Downloads\frooit\Fruit\Fruits10\sample_dataset\banana_Good\banana_Good_10.jpg,banana_Good,4
C:\Users\PARAGI\Downloads\frooit\Fruit\Fruits10\sample_dataset\banana_Good\banana_Good_1.jpg,banana_Good,4
C:\Users\PARAGI\Downloads\frooit\Fruit\Fruits10\sample_dataset\banana_Good\banana_Good_9.jpg,banana_Good,4
C:\Users\PARAGI\Downloads\frooit\Fruit\Fruits10\sample_dataset\banana_Mixed\banana_Mixed_8.jpg,banana_Mixed,5
C:\Users\PARAGI\Downloads\frooit\Fruit\Fruits10\sample_dataset\banana_Mixed\banana_Mixed_7.jpg,banana_Mixed,5
C:\Users\PARAGI\Downloads\frooit\Fruit\Fruits10\sample_dataset\banana_Mixed\banana_Mixed_0.jpg,banana_Mixed,5
C:\Users\PARAGI\Downloads\frooit\Fruit\Fruits10\sample_dataset\banana_Mixed\banana_Mixed_6.jpg,banana_Mixed,5
C:\Users\PARAGI\Downloads\frooit\Fruit\Fruits10\sample_dataset\banana_Mixed\banana_Mixed_3.jpg,banana_Mixed,5
C:\Users\PARAGI\Downloads\frooit\Fruit\Fruits10\sample_dataset\banana_Mixed\banana_Mixed_10.jpg,banana_Mixed,5
C:\Users\PARAGI\Downloads\frooit\Fruit\Fruits10\sample_dataset\banana_Mixed\banana_Mixed_1.jpg,banana_Mixed,5
C:\Users\PARAGI\Downloads\frooit\Fruit\Fruits10\sample_dataset\banana_Mixed\banana_Mixed_9.jpg,banana_Mixed,5
C:\Users\PARAGI\Downloads\frooit\Fruit\Fruits10\sample_dataset\guava_Bad\guava_Bad_8.jpg,guava_Bad,6
C:\Users\PARAGI\Downloads\frooit\Fruit\Fruits10\sample_dataset\guava_Bad\guava_Bad_7.jpg,guava_Bad,6
C:\Users\PARAGI\Downloads\frooit\Fruit\Fruits10\sample_dataset\guava_Bad\guava_Bad_0.jpg,guava_Bad,6
C:\Users\PARAGI\Downloads\frooit\Fruit\Fruits10\sample_dataset\guava_Bad\guava_Bad_6.jpg,guava_Bad,6
C:\Users\PARAGI\Downloads\frooit\Fruit\Fruits10\sample_dataset\guava_Bad\guava_Bad_3.jpg,guava_Bad,6
C:\Users\PARAGI\Downloads\frooit\Fruit\Fruits10\sample_dataset\guava_Bad\guava_Bad_10.jpg,guava_Bad,6
C:\Users\PARAGI\Downloads\frooit\Fruit\Fruits10\sample_dataset\guava_Bad\guava_Bad_1.jpg,guava_Bad,6
C:\Users\PARAGI\Downloads\frooit\Fruit\Fruits10\sample_dataset\guava_Bad\guava_Bad_9.jpg,guava_Bad,6
C:\Users\PARAGI\Downloads\frooit\Fruit\Fruits10\sample_dataset\guava_Good\guava_Good_8.jpg,guava_Good,7
C:\Users\PARAGI\Downloads\frooit\Fruit\Fruits10\sample_dataset\guava_Good\guava_Good_7.jpg,guava_Good,7
C:\Users\PARAGI\Downloads\frooit\Fruit\Fruits10\sample_dataset\guava_Good\guava_Good_0.jpg,guava_Good,7
C:\Users\PARAGI\Downloads\frooit\Fruit\Fruits10\sample_dataset\guava_Good\guava_Good_6.jpg,guava_Good,7
C:\Users\PARAGI\Downloads\frooit\Fruit\Fruits10\sample_dataset\guava_Good\guava_Good_3.jpg,guava_Good,7
C:\Users\PARAGI\Downloads\frooit\Fruit\Fruits10\sample_dataset\guava_Good\guava_Good_10.jpg,guava_Good,7
C:\Users\PARAGI\Downloads\frooit\Fruit\Fruits10\sample_dataset\guava_Good\guava_Good_1.jpg,guava_Good,7
C:\Users\PARAGI\Downloads\frooit\Fruit\Fruits10\sample_dataset\guava_Good\guava_Good_9.jpg,guava_Good,7
C:\Users\PARAGI\Downloads\frooit\Fruit\Fruits10\sample_dataset\guava_Mixed\guava_Mixed_8.jpg,guava_Mixed,8
C:\Users\PARAGI\Downloads\frooit\Fruit\Fruits10\sample_dataset\guava_Mixed\guava_Mixed_7.jpg,guava_Mixed,8
C:\Users\PARAGI\Downloads\frooit\Fruit\Fruits10\sample_dataset\guava_Mixed\guava_Mixed_0.jpg,guava_Mixed,8
C:\Users\PARAGI\Downloads\frooit\Fruit\Fruits10\sample_dataset\guava_Mixed\guava_Mixed_6.jpg,guava_Mixed,8
C:\Users\PARAGI\Downloads\frooit\Fruit\Fruits10\sample_dataset\guava_Mixed\guava_Mixed_3.jpg,guava_Mixed,8
C:\Users\PARAGI\Downloads\frooit\Fruit\Fruits10\sample_dataset\guava_Mixed\guava_Mixed_10.jpg,guava_Mixed,8
C:\Users\PARAGI\Downloads\frooit\Fruit\Fruits10\sample_dataset\guava_Mixed\guava_Mixed_1.jpg,guava_Mixed,8
C:\Users\PARAGI\Downloads\frooit\Fruit\Fruits10\sample_dataset\guava_Mixed\guava_Mixed_9.jpg,guava_Mixed,8
C:\Users\PARAGI\Downloads\frooit\Fruit\Fruits10\sample_dataset\lime_Bad\lime_Bad_8.jpg,lime_Bad,9
C:\Users\PARAGI\Downloads\frooit\Fruit\Fruits10\sample_dataset\lime_Bad\lime_Bad_7.jpg,lime_Bad,9
C:\Users\PARAGI\Downloads\frooit\Fruit\Fruits10\sample_dataset\lime_Bad\lime_Bad_0.jpg,lime_Bad,9
C:\Users\PARAGI\Downloads\frooit\Fruit\Fruits10\sample_dataset\lime_Bad\lime_Bad_6.jpg,lime_Bad,9
C:\Users\PARAGI\Downloads\frooit\Fruit\Fruits10\sample_dataset\lime_Bad\lime_Bad_3.jpg,lime_Bad,9
C:\Users\PARAGI\Downloads\frooit\Fruit\Fruits10\sample_dataset\lime_Bad\lime_Bad_10.jpg,lime_Bad,9
C:\Users\PARAGI\Downloads\frooit\Fruit\Fruits10\sample_dataset\lime_Bad\lime_Bad_1.jpg,lime_Bad,9
C:\Users\PARAGI\Downloads\frooit\Fruit\Fruits10\sample_dataset\lime_Bad\lime_Bad_9.jpg,lime_Bad,9
C:\Users\PARAGI\Downloads\frooit\Fruit\Fruits10\sample_dataset\lime_Good\lime_Good_8.jpg,lime_Good,10
C:\Users\PARAGI\Downloads\frooit\Fruit\Fruits10\sample_dataset\lime_Good\lime_Good_7.jpg,lime_Good,10
C:\Users\PARAGI\Downloads\frooit\Fruit\Fruits10\sample_dataset\lime_Good\lime_Good_0.jpg,lime_Good,10
C:\Users\PARAGI\Downloads\frooit\Fruit\Fruits10\sample_dataset\lime_Good\lime_Good_6.jpg,lime_Good,10
C:\Users\PARAGI\Downloads\frooit\Fruit\Fruits10\sample_dataset\lime_Good\lime_Good_3.jpg,lime_Good,10
C:\Users\PARAGI\Downloads\frooit\Fruit\Fruits10\sample_dataset\lime_Good\lime_Good_10.jpg,lime_Good,10
C:\Users\PARAGI\Downloads\frooit\Fruit\Fruits10\sample_dataset\lime_Good\lime_Good_1.jpg,lime_Good,10
C:\Users\PARAGI\Downloads\frooit\Fruit\Fruits10\sample_dataset\lime_Good\lime_Good_9.jpg,lime_Good,10
C:\Users\PARAGI\Downloads\frooit\Fruit\Fruits10\sample_dataset\lime_Mixed\lime_Mixed_8.jpg,lime_Mixed,11
C:\Users\PARAGI\Downloads\frooit\Fruit\Fruits10\sample_dataset\lime_Mixed\lime_Mixed_7.jpg,lime_Mixed,11
C:\Users\PARAGI\Downloads\frooit\Fruit\Fruits10\sample_dataset\lime_Mixed\lime_Mixed_0.jpg,lime_Mixed,11
C:\Users\PARAGI\Downloads\frooit\Fruit\Fruits10\sample_dataset\lime_Mixed\lime_Mixed_6.jpg,lime_Mixed,11
C:\Users\PARAGI\Downloads\frooit\Fruit\Fruits10\sample_dataset\lime_Mixed\lime_Mixed_3.jpg,lime_Mixed,11
C:\Users\PARAGI\Downloads\frooit\Fruit\Fruits10\sample_dataset\lime_Mixed\lime_Mixed_10.jpg,lime_Mixed,11
C:\Users\PARAGI\Downloads\frooit\Fruit\Fruits10\sample_dataset\lime_Mixed\lime_Mixed_1.jpg,lime_Mixed,11
C:\Users\PARAGI\Downloads\frooit\Fruit\Fruits10\sample_dataset\lime_Mixed\lime_Mixed_9.jpg,lime_Mixed,11
C:\Users\PARAGI\Downloads\frooit\Fruit\Fruits10\sample_dataset\orange_Bad\orange_Bad_8.jpg,orange_Bad,12
C:\Users\PARAGI\Downloads\frooit\Fruit\Fruits10\sample_dataset\orange_Bad\orange_Bad_7.jpg,orange_Bad,12
C:\Users\PARAGI\Downloads\frooit\Fruit\Fruits10\sample_dataset\orange_Bad\orange_Bad_0.jpg,orange_Bad,12
C:\Users\PARAGI\Downloads\frooit\Fruit\Fruits10\sample_dataset\orange_Bad\orange_Bad_6.jpg,orange_Bad,12
C:\Users\PARAGI\Downloads\frooit\Fruit\Fruits10\sample_dataset\orange_Bad\orange_Bad_3.jpg,orange_Bad,12
C:\Users\PARAGI\Downloads\frooit\Fruit\Fruits10\sample_dataset\orange_Bad\orange_Bad_10.jpg,orange_Bad,12
C:\Users\PARAGI\Downloads\frooit\Fruit\Fruits10\sample_dataset\orange_Bad\orange_Bad_1.jpg,orange_Bad,12
C:\Users\PARAGI\Downloads\frooit\Fruit\Fruits10\sample_dataset\orange_Bad\orange_Bad_9.jpg,orange_Bad,12
C:\Users\PARAGI\Downloads\frooit\Fruit\Fruits10\sample_dataset\orange_Good\orange_Good_8.jpg,orange_Good,13
C:\Users\PARAGI\Downloads\frooit\Fruit\Fruits10\sample_dataset\orange_Good\orange_Good_7.jpg,orange_Good,13
C:\Users\PARAGI\Downloads\frooit\Fruit\Fruits10\sample_dataset\orange_Good\orange_Good_0.jpg,orange_Good,13
C:\Users\PARAGI\Downloads\frooit\Fruit\Fruits10\sample_dataset\orange_Good\orange_Good_6.jpg,orange_Good,13
C:\Users\PARAGI\Downloads\frooit\Fruit\Fruits10\sample_dataset\orange_Good\orange_Good_3.jpg,orange_Good,13
C:\Users\PARAGI\Downloads\frooit\Fruit\Fruits10\sample_dataset\orange_Good\orange_Good_10.jpg,orange_Good,13
C:\Users\PARAGI\Downloads\frooit\Fruit\Fruits10\sample_dataset\orange_Good\orange_Good_1.jpg,orange_Good,13
C:\Users\PARAGI\Downloads\frooit\Fruit\Fruits10\sample_dataset\orange_Good\orange_Good_9.jpg,orange_Good,13
C:\Users\PARAGI\Downloads\frooit\Fruit\Fruits10\sample_dataset\orange_Mixed\orange_Mixed_8.jpg,orange_Mixed,14
C:\Users\PARAGI\Downloads\frooit\Fruit\Fruits10\sample_dataset\orange_Mixed\orange_Mixed_7.jpg,orange_Mixed,14
C:\Users\PARAGI\Downloads\frooit\Fruit\Fruits10\sample_dataset\orange_Mixed\orange_Mixed_0.jpg,orange_Mixed,14
C:\Users\PARAGI\Downloads\frooit\Fruit\Fruits10\sample_dataset\orange_Mixed\orange_Mixed_6.jpg,orange_Mixed,14
C:\Users\PARAGI\Downloads\frooit\Fruit\Fruits10\sample_dataset\orange_Mixed\orange_Mixed_3.jpg,orange_Mixed,14
C:\Users\PARAGI\Downloads\frooit\Fruit\Fruits10\sample_dataset\orange_Mixed\orange_Mixed_10.jpg,orange_Mixed,14
C:\Users\PARAGI\Downloads\frooit\Fruit\Fruits10\sample_dataset\orange_Mixed\orange_Mixed_1.jpg,orange_Mixed,14
C:\Users\PARAGI\Downloads\frooit\Fruit\Fruits10\sample_dataset\orange_Mixed\orange_Mixed_9.jpg,orange_Mixed,14
C:\Users\PARAGI\Downloads\frooit\Fruit\Fruits10\sample_dataset\pomegranate_Bad\pomegranate_Bad_8.jpg,pomegranate_Bad,15
C:\Users\PARAGI\Downloads\frooit\Fruit\Fruits10\sample_dataset\pomegranate_Bad\pomegranate_Bad_7.jpg,pomegranate_Bad,15
C:\Users\PARAGI\Downloads\frooit\Fruit\Fruits10\sample_dataset\pomegranate_Bad\pomegranate_Bad_0.jpg,pomegranate_Bad,15
C:\Users\PARAGI\Downloads\frooit\Fruit\Fruits10\sample_dataset\pomegranate_Bad\pomegranate_Bad_6.jpg,pomegranate_Bad,15
C:\Users\PARAGI\Downloads\frooit\Fruit\Fruits10\sample_dataset\pomegranate_Bad\pomegranate_Bad_3.jpg,pomegranate_Bad,15
C:\Users\PARAGI\Downloads\frooit\Fruit\Fruits10\sample_dataset\pomegranate_Bad\pomegranate_Bad_10.jpg,pomegranate_Bad,15
C:\Users\PARAGI\Downloads\frooit\Fruit\Fruits10\sample_dataset\pomegranate_Bad\pomegranate_Bad_1.jpg,pomegranate_Bad,15
C:\Users\PARAGI\Downloads\frooit\Fruit\Fruits10\sample_dataset\pomegranate_Bad\pomegranate_Bad_9.jpg,pomegranate_Bad,15
C:\Users\PARAGI\Downloads\frooit\Fruit\Fruits10\sample_dataset\pomegranate_Good\pomegranate_Good_8.jpg,pomegranate_Good,16
C:\Users\PARAGI\Downloads\frooit\Fruit\Fruits10\sample_dataset\pomegranate_Good\pomegranate_Good_7.jpg,pomegranate_Good,16
C:\Users\PARAGI\Downloads\frooit\Fruit\Fruits10\sample_dataset\pomegranate_Good\pomegranate_Good_0.jpg,pomegranate_Good,16
C:\Users\PARAGI\Downloads\frooit\Fruit\Fruits10\sample_dataset\pomegranate_Good\pomegranate_Good_6.jpg,pomegranate_Good,16
C:\Users\PARAGI\Downloads\frooit\Fruit\Fruits10\sample_dataset\pomegranate_Good\pomegranate_Good_3.jpg,pomegranate_Good,16
C:\Users\PARAGI\Downloads\frooit\Fruit\Fruits10\sample_dataset\pomegranate_Good\pomegranate_Good_10.jpg,pomegranate_Good,16
C:\Users\PARAGI\Downloads\frooit\Fruit\Fruits10\sample_dataset\pomegranate_Good\pomegranate_Good_1.jpg,pomegranate_Good,16
C:\Users\PARAGI\Downloads\frooit\Fruit\Fruits10\sample_dataset\pomegranate_Good\pomegranate_Good_9.jpg,pomegranate_Good,16
C:\Users\PARAGI\Downloads\frooit\Fruit\Fruits10\sample_dataset\pomegranate_Mixed\pomegranate_Mixed_8.jpg,pomegranate_Mixed,17
C:\Users\PARAGI\Downloads\frooit\Fruit\Fruits10\sample_dataset\pomegranate_Mixed\pomegranate_Mixed_7.jpg,pomegranate_Mixed,17
C:\Users\PARAGI\Downloads\frooit\Fruit\Fruits10\sample_dataset\pomegranate_Mixed\pomegranate_Mixed_0.jpg,pomegranate_Mixed,17
C:\Users\PARAGI\Downloads\frooit\Fruit\Fruits10\sample_dataset\pomegranate_Mixed\pomegranate_Mixed_6.jpg,pomegranate_Mixed,17
C:\Users\PARAGI\Downloads\frooit\Fruit\Fruits10\sample_dataset\pomegranate_Mixed\pomegranate_Mixed_3.jpg,pomegranate_Mixed,17
C:\Users\PARAGI\Downloads\frooit\Fruit\Fruits10\sample_dataset\pomegranate_Mixed\pomegranate_Mixed_10.jpg,pomegranate_Mixed,17
C:\Users\PARAGI\Downloads\frooit\Fruit\Fruits10\sample_dataset\pomegranate_Mixed\pomegranate_Mixed_1.jpg,pomegranate_Mixed,17
C:\Users\PARAGI\Downloads\frooit\Fruit\Fruits10\sample_dataset\pomegranate_Mixed\pomegranate_Mixed_9.jpg,pomegranate_Mixed,17
